PropertyDisplayName,RegistryKeyword,TargetPresencePattern,CommonAcrossTargets,VariantAcrossTargets,DiscoveredValues,CurrentValuesAcrossTargets,ProposedRiskClass,ProposedTestMode,ModesAttempted,TargetsUsedForTesting,HighestAcceptedRolloutScope,ReadBackResult,RollbackResult,AcceptanceStatus,ExactReason,Notes,ApplyAllowed,AcceptedModes,OperatorVisible,Coverage,PresentTargets,MissingTargets,InterfaceDescriptions,CurrentValuesSeen,PossibleDisplayValues,Rationale
802.11a/b/g Wireless Mode,WirelessMode,present=192.168.22.221; 192.168.22.222; 192.168.22.223; 192.168.22.224; 192.168.22.225; 192.168.22.226; 192.168.22.227; 192.168.22.228 | missing=none,TRUE,FALSE,1. 5GHz  802.11a; 2. 2.4GHz 802.11b; 3. 2.4GHz 802.11g; 4. 2.4GHz 802.11b/g; 5. Dual Band 802.11a/g; 6. Dual Band 802.11a/b/g,4. 2.4GHz 802.11b/g,high,WriteOnly; RestartBE200,WriteOnly; RestartBE200,192.168.22.221; 192.168.22.222; 192.168.22.223; 192.168.22.224; 192.168.22.225; 192.168.22.226; 192.168.22.227; 192.168.22.228,All 8 allowlisted targets (192.168.22.221-228),Pass,Pass,live-tested,"Successful staged GUI WriteOnly apply, read-back, and rollback verification on .221 and on the .221/.222 subset.","Successful staged GUI WriteOnly apply, read-back, and rollback verification on .221 and on the .221/.222 subset.",TRUE,WriteOnly; RestartBE200,TRUE,8,192.168.22.221; 192.168.22.222; 192.168.22.223; 192.168.22.224; 192.168.22.225; 192.168.22.226; 192.168.22.227; 192.168.22.228,,Intel(R) Wi-Fi 7 BE200 320MHz; Intel(R) Wi-Fi 7 BE200 320MHz #6,4. 2.4GHz 802.11b/g,1. 5GHz  802.11a; 2. 2.4GHz 802.11b; 3. 2.4GHz 802.11g; 4. 2.4GHz 802.11b/g; 5. Dual Band 802.11a/g; 6. Dual Band 802.11a/b/g,
802.11n/ac/ax/be Wireless Mode,IEEE11nMode,present=192.168.22.221; 192.168.22.222; 192.168.22.223; 192.168.22.224; 192.168.22.225; 192.168.22.226; 192.168.22.227; 192.168.22.228 | missing=none,TRUE,TRUE,1. Disabled; 2. 802.11n; 3. 802.11ac; 4. 802.11ax; 5. 802.11be,4. 802.11ax; 5. 802.11be,high,WriteOnly; RestartBE200,WriteOnly; RestartBE200,192.168.22.221; 192.168.22.222; 192.168.22.223; 192.168.22.224; 192.168.22.225; 192.168.22.226; 192.168.22.227; 192.168.22.228,All 8 allowlisted targets (192.168.22.221-228),Pass,Pass,live-tested,"Successful staged GUI WriteOnly apply, read-back, and rollback verification on .221 and on the .221/.222 subset.","Successful staged GUI WriteOnly apply, read-back, and rollback verification on .221 and on the .221/.222 subset.",TRUE,WriteOnly; RestartBE200,TRUE,8,192.168.22.221; 192.168.22.222; 192.168.22.223; 192.168.22.224; 192.168.22.225; 192.168.22.226; 192.168.22.227; 192.168.22.228,,Intel(R) Wi-Fi 7 BE200 320MHz; Intel(R) Wi-Fi 7 BE200 320MHz #6,4. 802.11ax; 5. 802.11be,1. Disabled; 2. 802.11n; 3. 802.11ac; 4. 802.11ax; 5. 802.11be,
ARP offload for WoWLAN,*PMARPOffload,present=192.168.22.221; 192.168.22.222; 192.168.22.223; 192.168.22.224; 192.168.22.225; 192.168.22.226; 192.168.22.227; 192.168.22.228 | missing=none,TRUE,FALSE,Disabled; Enabled,Enabled,high,WriteOnly; RestartBE200,WriteOnly; RestartBE200,192.168.22.221; 192.168.22.222; 192.168.22.223; 192.168.22.224; 192.168.22.225; 192.168.22.226; 192.168.22.227; 192.168.22.228,All 8 allowlisted targets (192.168.22.221-228),Pass,Pass,live-tested,"Successful staged GUI WriteOnly apply, read-back, and rollback verification on .221 and on the .221/.222 subset.","Successful staged GUI WriteOnly apply, read-back, and rollback verification on .221 and on the .221/.222 subset.",TRUE,WriteOnly; RestartBE200,TRUE,8,192.168.22.221; 192.168.22.222; 192.168.22.223; 192.168.22.224; 192.168.22.225; 192.168.22.226; 192.168.22.227; 192.168.22.228,,Intel(R) Wi-Fi 7 BE200 320MHz; Intel(R) Wi-Fi 7 BE200 320MHz #6,Enabled,Disabled; Enabled,
Channel Width for 2.4GHz,ChannelWidth24,present=192.168.22.221; 192.168.22.222; 192.168.22.223; 192.168.22.224; 192.168.22.225; 192.168.22.226; 192.168.22.227; 192.168.22.228 | missing=none,TRUE,FALSE,20 MHz Only; Auto,Auto,medium,WriteOnly; RestartBE200,WriteOnly; RestartBE200,192.168.22.221; 192.168.22.222; 192.168.22.223; 192.168.22.224; 192.168.22.225; 192.168.22.226; 192.168.22.227; 192.168.22.228,All 8 allowlisted targets (192.168.22.221-228),Pass,Pass,live-tested,"Successful staged GUI WriteOnly apply, read-back, and rollback verification on .221 and on the .221/.222 subset.","Successful staged GUI WriteOnly apply, read-back, and rollback verification on .221 and on the .221/.222 subset.",TRUE,WriteOnly; RestartBE200,TRUE,8,192.168.22.221; 192.168.22.222; 192.168.22.223; 192.168.22.224; 192.168.22.225; 192.168.22.226; 192.168.22.227; 192.168.22.228,,Intel(R) Wi-Fi 7 BE200 320MHz; Intel(R) Wi-Fi 7 BE200 320MHz #6,Auto,20 MHz Only; Auto,
Channel Width for 5GHz,ChannelWidth52,present=192.168.22.221; 192.168.22.222; 192.168.22.223; 192.168.22.224; 192.168.22.225; 192.168.22.226; 192.168.22.227; 192.168.22.228 | missing=none,TRUE,FALSE,20 MHz Only; Auto,Auto,medium,WriteOnly; RestartBE200,WriteOnly; RestartBE200,192.168.22.221; 192.168.22.222; 192.168.22.223; 192.168.22.224; 192.168.22.225; 192.168.22.226; 192.168.22.227; 192.168.22.228,All 8 allowlisted targets (192.168.22.221-228),Pass,Pass,live-tested,"Successful staged GUI WriteOnly apply, read-back, and rollback verification on .221 and on the .221/.222 subset.","Successful staged GUI WriteOnly apply, read-back, and rollback verification on .221 and on the .221/.222 subset.",TRUE,WriteOnly; RestartBE200,TRUE,8,192.168.22.221; 192.168.22.222; 192.168.22.223; 192.168.22.224; 192.168.22.225; 192.168.22.226; 192.168.22.227; 192.168.22.228,,Intel(R) Wi-Fi 7 BE200 320MHz; Intel(R) Wi-Fi 7 BE200 320MHz #6,Auto,20 MHz Only; Auto,
Channel Width for 6GHz,ChannelWidth6,present=192.168.22.221; 192.168.22.222; 192.168.22.223; 192.168.22.224; 192.168.22.225; 192.168.22.226; 192.168.22.227; 192.168.22.228 | missing=none,TRUE,FALSE,20 MHz Only; Auto,Auto,medium,WriteOnly; RestartBE200,WriteOnly; RestartBE200,192.168.22.221; 192.168.22.222; 192.168.22.223; 192.168.22.224; 192.168.22.225; 192.168.22.226; 192.168.22.227; 192.168.22.228,All 8 allowlisted targets (192.168.22.221-228),Pass,Pass,live-tested,"Successful staged GUI WriteOnly apply, read-back, and rollback verification on .221 and on the .221/.222 subset.","Successful staged GUI WriteOnly apply, read-back, and rollback verification on .221 and on the .221/.222 subset.",TRUE,WriteOnly; RestartBE200,TRUE,8,192.168.22.221; 192.168.22.222; 192.168.22.223; 192.168.22.224; 192.168.22.225; 192.168.22.226; 192.168.22.227; 192.168.22.228,,Intel(R) Wi-Fi 7 BE200 320MHz; Intel(R) Wi-Fi 7 BE200 320MHz #6,Auto,20 MHz Only; Auto,
Channel-Load usage for AP Selection,EnableChLoad4ApSelection,present=192.168.22.221; 192.168.22.222; 192.168.22.223; 192.168.22.224; 192.168.22.225; 192.168.22.226; 192.168.22.227; 192.168.22.228 | missing=none,TRUE,FALSE,Disabled; Enabled,Enabled,low,WriteOnly; RestartBE200,WriteOnly; RestartBE200,192.168.22.221; 192.168.22.222; 192.168.22.223; 192.168.22.224; 192.168.22.225; 192.168.22.226; 192.168.22.227; 192.168.22.228,All 8 allowlisted targets (192.168.22.221-228),Pass,Pass,live-tested,"Successful staged GUI WriteOnly apply, read-back, and rollback verification on .221 and on the .221/.222 subset.","Successful staged GUI WriteOnly apply, read-back, and rollback verification on .221 and on the .221/.222 subset.",TRUE,WriteOnly; RestartBE200,TRUE,8,192.168.22.221; 192.168.22.222; 192.168.22.223; 192.168.22.224; 192.168.22.225; 192.168.22.226; 192.168.22.227; 192.168.22.228,,Intel(R) Wi-Fi 7 BE200 320MHz; Intel(R) Wi-Fi 7 BE200 320MHz #6,Enabled,Disabled; Enabled,
Fat Channel Intolerant,FatChannelIntolerant,present=192.168.22.221; 192.168.22.222; 192.168.22.223; 192.168.22.224; 192.168.22.225; 192.168.22.226; 192.168.22.227; 192.168.22.228 | missing=none,TRUE,FALSE,Disabled; Enabled,Disabled,medium,WriteOnly; RestartBE200,WriteOnly; RestartBE200,192.168.22.221; 192.168.22.222; 192.168.22.223; 192.168.22.224; 192.168.22.225; 192.168.22.226; 192.168.22.227; 192.168.22.228,All 8 allowlisted targets (192.168.22.221-228),Pass,Pass,live-tested,Acceptable medium-risk compatibility toggle after staged live testing and rollback.,Acceptable medium-risk compatibility toggle after staged live testing and rollback.,TRUE,WriteOnly; RestartBE200,TRUE,8,192.168.22.221; 192.168.22.222; 192.168.22.223; 192.168.22.224; 192.168.22.225; 192.168.22.226; 192.168.22.227; 192.168.22.228,,Intel(R) Wi-Fi 7 BE200 320MHz; Intel(R) Wi-Fi 7 BE200 320MHz #6,Disabled,Disabled; Enabled,
GTK rekeying for WoWLAN,*PMWiFiRekeyOffload,present=192.168.22.221; 192.168.22.222; 192.168.22.223; 192.168.22.224; 192.168.22.225; 192.168.22.226; 192.168.22.227; 192.168.22.228 | missing=none,TRUE,FALSE,Disabled; Enabled,Enabled,high,WriteOnly; RestartBE200,WriteOnly; RestartBE200,192.168.22.221; 192.168.22.222; 192.168.22.223; 192.168.22.224; 192.168.22.225; 192.168.22.226; 192.168.22.227; 192.168.22.228,All 8 allowlisted targets (192.168.22.221-228),Pass,Pass,live-tested,"Successful staged GUI WriteOnly apply, read-back, and rollback verification on .221 and on the .221/.222 subset.","Successful staged GUI WriteOnly apply, read-back, and rollback verification on .221 and on the .221/.222 subset.",TRUE,WriteOnly; RestartBE200,TRUE,8,192.168.22.221; 192.168.22.222; 192.168.22.223; 192.168.22.224; 192.168.22.225; 192.168.22.226; 192.168.22.227; 192.168.22.228,,Intel(R) Wi-Fi 7 BE200 320MHz; Intel(R) Wi-Fi 7 BE200 320MHz #6,Enabled,Disabled; Enabled,
MIMO Power Save Mode,MIMOPowerSaveMode,present=192.168.22.221; 192.168.22.222; 192.168.22.223; 192.168.22.224; 192.168.22.225; 192.168.22.226; 192.168.22.227; 192.168.22.228 | missing=none,TRUE,FALSE,Auto SMPS; Dynamic SMPS; No SMPS; Static SMPS,Auto SMPS,medium,WriteOnly; RestartBE200,WriteOnly; RestartBE200,192.168.22.221; 192.168.22.222; 192.168.22.223; 192.168.22.224; 192.168.22.225; 192.168.22.226; 192.168.22.227; 192.168.22.228,All 8 allowlisted targets (192.168.22.221-228),Pass,Pass,live-tested,"Successful staged GUI WriteOnly apply, read-back, and rollback verification on .221 and on the .221/.222 subset.","Successful staged GUI WriteOnly apply, read-back, and rollback verification on .221 and on the .221/.222 subset.",TRUE,WriteOnly; RestartBE200,TRUE,8,192.168.22.221; 192.168.22.222; 192.168.22.223; 192.168.22.224; 192.168.22.225; 192.168.22.226; 192.168.22.227; 192.168.22.228,,Intel(R) Wi-Fi 7 BE200 320MHz; Intel(R) Wi-Fi 7 BE200 320MHz #6,Auto SMPS,Auto SMPS; Dynamic SMPS; No SMPS; Static SMPS,
Mixed Mode Protection,CtsToItself,present=192.168.22.221; 192.168.22.222; 192.168.22.223; 192.168.22.224; 192.168.22.225; 192.168.22.226; 192.168.22.227; 192.168.22.228 | missing=none,TRUE,FALSE,CTS-to-self Enabled; RTS/CTS Enabled,RTS/CTS Enabled,medium,WriteOnly; RestartBE200,WriteOnly; RestartBE200,192.168.22.221; 192.168.22.222; 192.168.22.223; 192.168.22.224; 192.168.22.225; 192.168.22.226; 192.168.22.227; 192.168.22.228,All 8 allowlisted targets (192.168.22.221-228),Pass,Pass,live-tested,"Successful staged GUI WriteOnly apply, read-back, and rollback verification on .221 and on the .221/.222 subset.","Successful staged GUI WriteOnly apply, read-back, and rollback verification on .221 and on the .221/.222 subset.",TRUE,WriteOnly; RestartBE200,TRUE,8,192.168.22.221; 192.168.22.222; 192.168.22.223; 192.168.22.224; 192.168.22.225; 192.168.22.226; 192.168.22.227; 192.168.22.228,,Intel(R) Wi-Fi 7 BE200 320MHz; Intel(R) Wi-Fi 7 BE200 320MHz #6,RTS/CTS Enabled,CTS-to-self Enabled; RTS/CTS Enabled,
NS offload for WoWLAN,*PMNSOffload,present=192.168.22.221; 192.168.22.222; 192.168.22.223; 192.168.22.224; 192.168.22.225; 192.168.22.226; 192.168.22.227; 192.168.22.228 | missing=none,TRUE,FALSE,Disabled; Enabled,Enabled,high,WriteOnly; RestartBE200,WriteOnly; RestartBE200,192.168.22.221; 192.168.22.222; 192.168.22.223; 192.168.22.224; 192.168.22.225; 192.168.22.226; 192.168.22.227; 192.168.22.228,All 8 allowlisted targets (192.168.22.221-228),Pass,Pass,live-tested,"Successful staged GUI WriteOnly apply, read-back, and rollback verification on .221 and on the .221/.222 subset.","Successful staged GUI WriteOnly apply, read-back, and rollback verification on .221 and on the .221/.222 subset.",TRUE,WriteOnly; RestartBE200,TRUE,8,192.168.22.221; 192.168.22.222; 192.168.22.223; 192.168.22.224; 192.168.22.225; 192.168.22.226; 192.168.22.227; 192.168.22.228,,Intel(R) Wi-Fi 7 BE200 320MHz; Intel(R) Wi-Fi 7 BE200 320MHz #6,Enabled,Disabled; Enabled,
Packet Coalescing,*PacketCoalescing,present=192.168.22.221; 192.168.22.222; 192.168.22.223; 192.168.22.224; 192.168.22.225; 192.168.22.226; 192.168.22.227; 192.168.22.228 | missing=none,TRUE,FALSE,Disabled; Enabled,Enabled,high,WriteOnly; RestartBE200,WriteOnly; RestartBE200,192.168.22.221; 192.168.22.222; 192.168.22.223; 192.168.22.224; 192.168.22.225; 192.168.22.226; 192.168.22.227; 192.168.22.228,All 8 allowlisted targets (192.168.22.221-228),Pass,Pass,live-tested,"Successful staged GUI WriteOnly apply, read-back, and rollback verification on .221 and on the .221/.222 subset.","Successful staged GUI WriteOnly apply, read-back, and rollback verification on .221 and on the .221/.222 subset.",TRUE,WriteOnly; RestartBE200,TRUE,8,192.168.22.221; 192.168.22.222; 192.168.22.223; 192.168.22.224; 192.168.22.225; 192.168.22.226; 192.168.22.227; 192.168.22.228,,Intel(R) Wi-Fi 7 BE200 320MHz; Intel(R) Wi-Fi 7 BE200 320MHz #6,Enabled,Disabled; Enabled,
Preferred Band,RoamingPreferredBandType,present=192.168.22.221; 192.168.22.222; 192.168.22.223; 192.168.22.224; 192.168.22.225; 192.168.22.226; 192.168.22.227; 192.168.22.228 | missing=none,TRUE,FALSE,1. No Preference; 2. Prefer 2.4GHz band; 3. Prefer 5GHz band; 4. Prefer 6GHz band; 5. Prefer 5GHz + 6GHz band,4. Prefer 6GHz band,medium,WriteOnly; RestartBE200,WriteOnly; RestartBE200,192.168.22.221; 192.168.22.222; 192.168.22.223; 192.168.22.224; 192.168.22.225; 192.168.22.226; 192.168.22.227; 192.168.22.228,All 8 allowlisted targets (192.168.22.221-228),Pass,Pass,live-tested,Validated rollout path with successful GUI-driven write and restart verification.,Validated rollout path with successful GUI-driven write and restart verification.,TRUE,WriteOnly; RestartBE200,TRUE,8,192.168.22.221; 192.168.22.222; 192.168.22.223; 192.168.22.224; 192.168.22.225; 192.168.22.226; 192.168.22.227; 192.168.22.228,,Intel(R) Wi-Fi 7 BE200 320MHz; Intel(R) Wi-Fi 7 BE200 320MHz #6,4. Prefer 6GHz band,1. No Preference; 2. Prefer 2.4GHz band; 3. Prefer 5GHz band; 4. Prefer 6GHz band; 5. Prefer 5GHz + 6GHz band,
Roaming Aggressiveness,RoamAggressiveness,present=192.168.22.221; 192.168.22.222; 192.168.22.223; 192.168.22.224; 192.168.22.225; 192.168.22.226; 192.168.22.227; 192.168.22.228 | missing=none,TRUE,FALSE,1. Lowest; 2. Medium-low; 3. Medium; 4. Medium-High; 5. Highest,3. Medium,low,WriteOnly; RestartBE200,WriteOnly; RestartBE200,192.168.22.221; 192.168.22.222; 192.168.22.223; 192.168.22.224; 192.168.22.225; 192.168.22.226; 192.168.22.227; 192.168.22.228,All 8 allowlisted targets (192.168.22.221-228),Pass,Pass,live-tested,Low-risk roaming preference with successful staged GUI apply and rollback.,Low-risk roaming preference with successful staged GUI apply and rollback.,TRUE,WriteOnly; RestartBE200,TRUE,8,192.168.22.221; 192.168.22.222; 192.168.22.223; 192.168.22.224; 192.168.22.225; 192.168.22.226; 192.168.22.227; 192.168.22.228,,Intel(R) Wi-Fi 7 BE200 320MHz; Intel(R) Wi-Fi 7 BE200 320MHz #6,3. Medium,1. Lowest; 2. Medium-low; 3. Medium; 4. Medium-High; 5. Highest,
RSCv4,*RscIPv4,present=192.168.22.221; 192.168.22.222; 192.168.22.223; 192.168.22.224; 192.168.22.225; 192.168.22.226; 192.168.22.227; 192.168.22.228 | missing=none,TRUE,FALSE,Disabled; Enabled,Enabled,high,WriteOnly; RestartBE200,WriteOnly; RestartBE200,192.168.22.221; 192.168.22.222; 192.168.22.223; 192.168.22.224; 192.168.22.225; 192.168.22.226; 192.168.22.227; 192.168.22.228,All 8 allowlisted targets (192.168.22.221-228),Pass,Pass,live-tested,"Successful staged GUI WriteOnly apply, read-back, and rollback verification on .221 and on the .221/.222 subset.","Successful staged GUI WriteOnly apply, read-back, and rollback verification on .221 and on the .221/.222 subset.",TRUE,WriteOnly; RestartBE200,TRUE,8,192.168.22.221; 192.168.22.222; 192.168.22.223; 192.168.22.224; 192.168.22.225; 192.168.22.226; 192.168.22.227; 192.168.22.228,,Intel(R) Wi-Fi 7 BE200 320MHz; Intel(R) Wi-Fi 7 BE200 320MHz #6,Enabled,Disabled; Enabled,
RSCv6,*RscIPv6,present=192.168.22.221; 192.168.22.222; 192.168.22.223; 192.168.22.224; 192.168.22.225; 192.168.22.226; 192.168.22.227; 192.168.22.228 | missing=none,TRUE,FALSE,Disabled; Enabled,Enabled,high,WriteOnly; RestartBE200,WriteOnly; RestartBE200,192.168.22.221; 192.168.22.222; 192.168.22.223; 192.168.22.224; 192.168.22.225; 192.168.22.226; 192.168.22.227; 192.168.22.228,All 8 allowlisted targets (192.168.22.221-228),Pass,Pass,live-tested,"Successful staged GUI WriteOnly apply, read-back, and rollback verification on .221 and on the .221/.222 subset.","Successful staged GUI WriteOnly apply, read-back, and rollback verification on .221 and on the .221/.222 subset.",TRUE,WriteOnly; RestartBE200,TRUE,8,192.168.22.221; 192.168.22.222; 192.168.22.223; 192.168.22.224; 192.168.22.225; 192.168.22.226; 192.168.22.227; 192.168.22.228,,Intel(R) Wi-Fi 7 BE200 320MHz; Intel(R) Wi-Fi 7 BE200 320MHz #6,Enabled,Disabled; Enabled,
Sleep on WoWLAN Disconnect,*DeviceSleepOnDisconnect,present=192.168.22.221; 192.168.22.222; 192.168.22.223; 192.168.22.224; 192.168.22.225; 192.168.22.226; 192.168.22.227; 192.168.22.228 | missing=none,TRUE,FALSE,Disabled; Enabled,Disabled,high,WriteOnly; RestartBE200,WriteOnly; RestartBE200,192.168.22.221; 192.168.22.222; 192.168.22.223; 192.168.22.224; 192.168.22.225; 192.168.22.226; 192.168.22.227; 192.168.22.228,All 8 allowlisted targets (192.168.22.221-228),Pass,Pass,live-tested,"Successful staged GUI WriteOnly apply, read-back, and rollback verification on .221 and on the .221/.222 subset.","Successful staged GUI WriteOnly apply, read-back, and rollback verification on .221 and on the .221/.222 subset.",TRUE,WriteOnly; RestartBE200,TRUE,8,192.168.22.221; 192.168.22.222; 192.168.22.223; 192.168.22.224; 192.168.22.225; 192.168.22.226; 192.168.22.227; 192.168.22.228,,Intel(R) Wi-Fi 7 BE200 320MHz; Intel(R) Wi-Fi 7 BE200 320MHz #6,Disabled,Disabled; Enabled,
Throughput Booster,ThroughputBoosterEnabled,present=192.168.22.221; 192.168.22.222; 192.168.22.223; 192.168.22.224; 192.168.22.225; 192.168.22.226; 192.168.22.227; 192.168.22.228 | missing=none,TRUE,FALSE,Disabled; Enabled,Disabled,low,WriteOnly; RestartBE200,WriteOnly; RestartBE200,192.168.22.221; 192.168.22.222; 192.168.22.223; 192.168.22.224; 192.168.22.225; 192.168.22.226; 192.168.22.227; 192.168.22.228,All 8 allowlisted targets (192.168.22.221-228),Pass,Pass,live-tested,Low-risk throughput optimization toggle accepted after staged live testing and rollback.,Low-risk throughput optimization toggle accepted after staged live testing and rollback.,TRUE,WriteOnly; RestartBE200,TRUE,8,192.168.22.221; 192.168.22.222; 192.168.22.223; 192.168.22.224; 192.168.22.225; 192.168.22.226; 192.168.22.227; 192.168.22.228,,Intel(R) Wi-Fi 7 BE200 320MHz; Intel(R) Wi-Fi 7 BE200 320MHz #6,Disabled,Disabled; Enabled,
Transmit Power,IbssTxPower,present=192.168.22.221; 192.168.22.222; 192.168.22.223; 192.168.22.224; 192.168.22.225; 192.168.22.226; 192.168.22.227; 192.168.22.228 | missing=none,TRUE,FALSE,1. Lowest; 2. Medium-low; 3. Medium; 4. Medium-High; 5. Highest,5. Highest,medium,WriteOnly; RestartBE200,WriteOnly; RestartBE200,192.168.22.221; 192.168.22.222; 192.168.22.223; 192.168.22.224; 192.168.22.225; 192.168.22.226; 192.168.22.227; 192.168.22.228,All 8 allowlisted targets (192.168.22.221-228),Pass,Pass,live-tested,"Successful staged GUI WriteOnly apply, read-back, and rollback verification on .221 and on the .221/.222 subset.","Successful staged GUI WriteOnly apply, read-back, and rollback verification on .221 and on the .221/.222 subset.",TRUE,WriteOnly; RestartBE200,TRUE,8,192.168.22.221; 192.168.22.222; 192.168.22.223; 192.168.22.224; 192.168.22.225; 192.168.22.226; 192.168.22.227; 192.168.22.228,,Intel(R) Wi-Fi 7 BE200 320MHz; Intel(R) Wi-Fi 7 BE200 320MHz #6,5. Highest,1. Lowest; 2. Medium-low; 3. Medium; 4. Medium-High; 5. Highest,
U-APSD support,uAPSDSupport,present=192.168.22.221; 192.168.22.222; 192.168.22.223; 192.168.22.224; 192.168.22.225; 192.168.22.226; 192.168.22.227; 192.168.22.228 | missing=none,TRUE,FALSE,Disabled; Enabled,Disabled,low,WriteOnly; RestartBE200,WriteOnly; RestartBE200,192.168.22.221; 192.168.22.222; 192.168.22.223; 192.168.22.224; 192.168.22.225; 192.168.22.226; 192.168.22.227; 192.168.22.228,All 8 allowlisted targets (192.168.22.221-228),Pass,Pass,live-tested,Low-risk power-save toggle with successful staged GUI apply and rollback.,Low-risk power-save toggle with successful staged GUI apply and rollback.,TRUE,WriteOnly; RestartBE200,TRUE,8,192.168.22.221; 192.168.22.222; 192.168.22.223; 192.168.22.224; 192.168.22.225; 192.168.22.226; 192.168.22.227; 192.168.22.228,,Intel(R) Wi-Fi 7 BE200 320MHz; Intel(R) Wi-Fi 7 BE200 320MHz #6,Disabled,Disabled; Enabled,
Ultra High Band (6GHz),Is6GhzBandSupported,present=192.168.22.221; 192.168.22.222; 192.168.22.223; 192.168.22.224; 192.168.22.225; 192.168.22.226; 192.168.22.227; 192.168.22.228 | missing=none,TRUE,FALSE,Disabled; Enabled,Enabled,high,WriteOnly; RestartBE200,WriteOnly; RestartBE200,192.168.22.221; 192.168.22.222; 192.168.22.223; 192.168.22.224; 192.168.22.225; 192.168.22.226; 192.168.22.227; 192.168.22.228,All 8 allowlisted targets (192.168.22.221-228),Pass,Pass,live-tested,"Successful staged GUI WriteOnly apply, read-back, and rollback verification on .221 and on the .221/.222 subset.","Successful staged GUI WriteOnly apply, read-back, and rollback verification on .221 and on the .221/.222 subset.",TRUE,WriteOnly; RestartBE200,TRUE,8,192.168.22.221; 192.168.22.222; 192.168.22.223; 192.168.22.224; 192.168.22.225; 192.168.22.226; 192.168.22.227; 192.168.22.228,,Intel(R) Wi-Fi 7 BE200 320MHz; Intel(R) Wi-Fi 7 BE200 320MHz #6,Enabled,Disabled; Enabled,
Wake on Magic Packet,*WakeOnMagicPacket,present=192.168.22.221; 192.168.22.222; 192.168.22.223; 192.168.22.224; 192.168.22.225; 192.168.22.226; 192.168.22.227; 192.168.22.228 | missing=none,TRUE,FALSE,Disabled; Enabled,Enabled,high,WriteOnly; RestartBE200,WriteOnly; RestartBE200,192.168.22.221; 192.168.22.222; 192.168.22.223; 192.168.22.224; 192.168.22.225; 192.168.22.226; 192.168.22.227; 192.168.22.228,All 8 allowlisted targets (192.168.22.221-228),Pass,Pass,live-tested,"Successful staged GUI WriteOnly apply, read-back, and rollback verification on .221 and on the .221/.222 subset.","Successful staged GUI WriteOnly apply, read-back, and rollback verification on .221 and on the .221/.222 subset.",TRUE,WriteOnly; RestartBE200,TRUE,8,192.168.22.221; 192.168.22.222; 192.168.22.223; 192.168.22.224; 192.168.22.225; 192.168.22.226; 192.168.22.227; 192.168.22.228,,Intel(R) Wi-Fi 7 BE200 320MHz; Intel(R) Wi-Fi 7 BE200 320MHz #6,Enabled,Disabled; Enabled,
Wake on Pattern Match,*WakeOnPattern,present=192.168.22.221; 192.168.22.222; 192.168.22.223; 192.168.22.224; 192.168.22.225; 192.168.22.226; 192.168.22.227; 192.168.22.228 | missing=none,TRUE,FALSE,Disabled; Enabled,Enabled,high,WriteOnly; RestartBE200,WriteOnly; RestartBE200,192.168.22.221; 192.168.22.222; 192.168.22.223; 192.168.22.224; 192.168.22.225; 192.168.22.226; 192.168.22.227; 192.168.22.228,All 8 allowlisted targets (192.168.22.221-228),Pass,Pass,live-tested,"Successful staged GUI WriteOnly apply, read-back, and rollback verification on .221 and on the .221/.222 subset.","Successful staged GUI WriteOnly apply, read-back, and rollback verification on .221 and on the .221/.222 subset.",TRUE,WriteOnly; RestartBE200,TRUE,8,192.168.22.221; 192.168.22.222; 192.168.22.223; 192.168.22.224; 192.168.22.225; 192.168.22.226; 192.168.22.227; 192.168.22.228,,Intel(R) Wi-Fi 7 BE200 320MHz; Intel(R) Wi-Fi 7 BE200 320MHz #6,Enabled,Disabled; Enabled,
*IfType,*IfType,present=192.168.22.221; 192.168.22.222; 192.168.22.223; 192.168.22.224; 192.168.22.225; 192.168.22.226; 192.168.22.227; 192.168.22.228 | missing=none,TRUE,FALSE,,,high,Deferred,Deferred,,Deferred,Not attempted,Not attempted,deferred,Registry-only or informational property without a stable operator-facing label.,Registry-only or informational property without a stable operator-facing label.,FALSE,,FALSE,8,192.168.22.221; 192.168.22.222; 192.168.22.223; 192.168.22.224; 192.168.22.225; 192.168.22.226; 192.168.22.227; 192.168.22.228,,Intel(R) Wi-Fi 7 BE200 320MHz; Intel(R) Wi-Fi 7 BE200 320MHz #6,,,
*IPChecksumOffloadIPv4,*IPChecksumOffloadIPv4,present=192.168.22.221; 192.168.22.222; 192.168.22.223; 192.168.22.224; 192.168.22.225; 192.168.22.226; 192.168.22.227; 192.168.22.228 | missing=none,TRUE,FALSE,,,high,Deferred,Deferred,,Deferred,Not attempted,Not attempted,deferred,Registry-only or informational property without a stable operator-facing label.,Registry-only or informational property without a stable operator-facing label.,FALSE,,FALSE,8,192.168.22.221; 192.168.22.222; 192.168.22.223; 192.168.22.224; 192.168.22.225; 192.168.22.226; 192.168.22.227; 192.168.22.228,,Intel(R) Wi-Fi 7 BE200 320MHz; Intel(R) Wi-Fi 7 BE200 320MHz #6,,,
*LsoV2IPv4,*LsoV2IPv4,present=192.168.22.221; 192.168.22.222; 192.168.22.223; 192.168.22.224; 192.168.22.225; 192.168.22.226; 192.168.22.227; 192.168.22.228 | missing=none,TRUE,FALSE,,,high,Deferred,Deferred,,Deferred,Not attempted,Not attempted,deferred,Registry-only or informational property without a stable operator-facing label.,Registry-only or informational property without a stable operator-facing label.,FALSE,,FALSE,8,192.168.22.221; 192.168.22.222; 192.168.22.223; 192.168.22.224; 192.168.22.225; 192.168.22.226; 192.168.22.227; 192.168.22.228,,Intel(R) Wi-Fi 7 BE200 320MHz; Intel(R) Wi-Fi 7 BE200 320MHz #6,,,
*LsoV2IPv6,*LsoV2IPv6,present=192.168.22.221; 192.168.22.222; 192.168.22.223; 192.168.22.224; 192.168.22.225; 192.168.22.226; 192.168.22.227; 192.168.22.228 | missing=none,TRUE,FALSE,,,high,Deferred,Deferred,,Deferred,Not attempted,Not attempted,deferred,Registry-only or informational property without a stable operator-facing label.,Registry-only or informational property without a stable operator-facing label.,FALSE,,FALSE,8,192.168.22.221; 192.168.22.222; 192.168.22.223; 192.168.22.224; 192.168.22.225; 192.168.22.226; 192.168.22.227; 192.168.22.228,,Intel(R) Wi-Fi 7 BE200 320MHz; Intel(R) Wi-Fi 7 BE200 320MHz #6,,,
*MediaType,*MediaType,present=192.168.22.221; 192.168.22.222; 192.168.22.223; 192.168.22.224; 192.168.22.225; 192.168.22.226; 192.168.22.227; 192.168.22.228 | missing=none,TRUE,FALSE,,,high,Deferred,Deferred,,Deferred,Not attempted,Not attempted,deferred,Registry-only or informational property without a stable operator-facing label.,Registry-only or informational property without a stable operator-facing label.,FALSE,,FALSE,8,192.168.22.221; 192.168.22.222; 192.168.22.223; 192.168.22.224; 192.168.22.225; 192.168.22.226; 192.168.22.227; 192.168.22.228,,Intel(R) Wi-Fi 7 BE200 320MHz; Intel(R) Wi-Fi 7 BE200 320MHz #6,,,
*MiracastSupported,*MiracastSupported,present=192.168.22.221; 192.168.22.222; 192.168.22.223; 192.168.22.224; 192.168.22.225; 192.168.22.226; 192.168.22.227; 192.168.22.228 | missing=none,TRUE,FALSE,,,high,Deferred,Deferred,,Deferred,Not attempted,Not attempted,deferred,Registry-only or informational property without a stable operator-facing label.,Registry-only or informational property without a stable operator-facing label.,FALSE,,FALSE,8,192.168.22.221; 192.168.22.222; 192.168.22.223; 192.168.22.224; 192.168.22.225; 192.168.22.226; 192.168.22.227; 192.168.22.228,,Intel(R) Wi-Fi 7 BE200 320MHz; Intel(R) Wi-Fi 7 BE200 320MHz #6,,,
*PhysicalMediaType,*PhysicalMediaType,present=192.168.22.221; 192.168.22.222; 192.168.22.223; 192.168.22.224; 192.168.22.225; 192.168.22.226; 192.168.22.227; 192.168.22.228 | missing=none,TRUE,FALSE,,,high,Deferred,Deferred,,Deferred,Not attempted,Not attempted,deferred,Registry-only or informational property without a stable operator-facing label.,Registry-only or informational property without a stable operator-facing label.,FALSE,,FALSE,8,192.168.22.221; 192.168.22.222; 192.168.22.223; 192.168.22.224; 192.168.22.225; 192.168.22.226; 192.168.22.227; 192.168.22.228,,Intel(R) Wi-Fi 7 BE200 320MHz; Intel(R) Wi-Fi 7 BE200 320MHz #6,,,
*TCPChecksumOffloadIPv4,*TCPChecksumOffloadIPv4,present=192.168.22.221; 192.168.22.222; 192.168.22.223; 192.168.22.224; 192.168.22.225; 192.168.22.226; 192.168.22.227; 192.168.22.228 | missing=none,TRUE,FALSE,,,high,Deferred,Deferred,,Deferred,Not attempted,Not attempted,deferred,Registry-only or informational property without a stable operator-facing label.,Registry-only or informational property without a stable operator-facing label.,FALSE,,FALSE,8,192.168.22.221; 192.168.22.222; 192.168.22.223; 192.168.22.224; 192.168.22.225; 192.168.22.226; 192.168.22.227; 192.168.22.228,,Intel(R) Wi-Fi 7 BE200 320MHz; Intel(R) Wi-Fi 7 BE200 320MHz #6,,,
*TCPChecksumOffloadIPv6,*TCPChecksumOffloadIPv6,present=192.168.22.221; 192.168.22.222; 192.168.22.223; 192.168.22.224; 192.168.22.225; 192.168.22.226; 192.168.22.227; 192.168.22.228 | missing=none,TRUE,FALSE,,,high,Deferred,Deferred,,Deferred,Not attempted,Not attempted,deferred,Registry-only or informational property without a stable operator-facing label.,Registry-only or informational property without a stable operator-facing label.,FALSE,,FALSE,8,192.168.22.221; 192.168.22.222; 192.168.22.223; 192.168.22.224; 192.168.22.225; 192.168.22.226; 192.168.22.227; 192.168.22.228,,Intel(R) Wi-Fi 7 BE200 320MHz; Intel(R) Wi-Fi 7 BE200 320MHz #6,,,
*UDPChecksumOffloadIPv4,*UDPChecksumOffloadIPv4,present=192.168.22.221; 192.168.22.222; 192.168.22.223; 192.168.22.224; 192.168.22.225; 192.168.22.226; 192.168.22.227; 192.168.22.228 | missing=none,TRUE,FALSE,,,high,Deferred,Deferred,,Deferred,Not attempted,Not attempted,deferred,Registry-only or informational property without a stable operator-facing label.,Registry-only or informational property without a stable operator-facing label.,FALSE,,FALSE,8,192.168.22.221; 192.168.22.222; 192.168.22.223; 192.168.22.224; 192.168.22.225; 192.168.22.226; 192.168.22.227; 192.168.22.228,,Intel(R) Wi-Fi 7 BE200 320MHz; Intel(R) Wi-Fi 7 BE200 320MHz #6,,,
*UDPChecksumOffloadIPv6,*UDPChecksumOffloadIPv6,present=192.168.22.221; 192.168.22.222; 192.168.22.223; 192.168.22.224; 192.168.22.225; 192.168.22.226; 192.168.22.227; 192.168.22.228 | missing=none,TRUE,FALSE,,,high,Deferred,Deferred,,Deferred,Not attempted,Not attempted,deferred,Registry-only or informational property without a stable operator-facing label.,Registry-only or informational property without a stable operator-facing label.,FALSE,,FALSE,8,192.168.22.221; 192.168.22.222; 192.168.22.223; 192.168.22.224; 192.168.22.225; 192.168.22.226; 192.168.22.227; 192.168.22.228,,Intel(R) Wi-Fi 7 BE200 320MHz; Intel(R) Wi-Fi 7 BE200 320MHz #6,,,
*UsoIPv4,*UsoIPv4,present=192.168.22.221; 192.168.22.222; 192.168.22.223; 192.168.22.224; 192.168.22.225; 192.168.22.226; 192.168.22.227; 192.168.22.228 | missing=none,TRUE,FALSE,,,high,Deferred,Deferred,,Deferred,Not attempted,Not attempted,deferred,Registry-only or informational property without a stable operator-facing label.,Registry-only or informational property without a stable operator-facing label.,FALSE,,FALSE,8,192.168.22.221; 192.168.22.222; 192.168.22.223; 192.168.22.224; 192.168.22.225; 192.168.22.226; 192.168.22.227; 192.168.22.228,,Intel(R) Wi-Fi 7 BE200 320MHz; Intel(R) Wi-Fi 7 BE200 320MHz #6,,,
*UsoIPv6,*UsoIPv6,present=192.168.22.221; 192.168.22.222; 192.168.22.223; 192.168.22.224; 192.168.22.225; 192.168.22.226; 192.168.22.227; 192.168.22.228 | missing=none,TRUE,FALSE,,,high,Deferred,Deferred,,Deferred,Not attempted,Not attempted,deferred,Registry-only or informational property without a stable operator-facing label.,Registry-only or informational property without a stable operator-facing label.,FALSE,,FALSE,8,192.168.22.221; 192.168.22.222; 192.168.22.223; 192.168.22.224; 192.168.22.225; 192.168.22.226; 192.168.22.227; 192.168.22.228,,Intel(R) Wi-Fi 7 BE200 320MHz; Intel(R) Wi-Fi 7 BE200 320MHz #6,,,
AdapterModel,AdapterModel,present=192.168.22.221; 192.168.22.222; 192.168.22.223; 192.168.22.224; 192.168.22.225; 192.168.22.226; 192.168.22.227; 192.168.22.228 | missing=none,TRUE,FALSE,,,high,Deferred,Deferred,,Deferred,Not attempted,Not attempted,deferred,Registry-only or informational property without a stable operator-facing label.,Registry-only or informational property without a stable operator-facing label.,FALSE,,FALSE,8,192.168.22.221; 192.168.22.222; 192.168.22.223; 192.168.22.224; 192.168.22.225; 192.168.22.226; 192.168.22.227; 192.168.22.228,,Intel(R) Wi-Fi 7 BE200 320MHz; Intel(R) Wi-Fi 7 BE200 320MHz #6,,,
AtomMaxDpcTime,AtomMaxDpcTime,present=192.168.22.221; 192.168.22.222; 192.168.22.223; 192.168.22.224; 192.168.22.225; 192.168.22.226; 192.168.22.227; 192.168.22.228 | missing=none,TRUE,FALSE,,,high,Deferred,Deferred,,Deferred,Not attempted,Not attempted,deferred,Registry-only or informational property without a stable operator-facing label.,Registry-only or informational property without a stable operator-facing label.,FALSE,,FALSE,8,192.168.22.221; 192.168.22.222; 192.168.22.223; 192.168.22.224; 192.168.22.225; 192.168.22.226; 192.168.22.227; 192.168.22.228,,Intel(R) Wi-Fi 7 BE200 320MHz; Intel(R) Wi-Fi 7 BE200 320MHz #6,,,
BaEnable,BaEnable,present=192.168.22.221; 192.168.22.222; 192.168.22.223; 192.168.22.224; 192.168.22.225; 192.168.22.226; 192.168.22.227; 192.168.22.228 | missing=none,TRUE,FALSE,,,high,Deferred,Deferred,,Deferred,Not attempted,Not attempted,deferred,Registry-only or informational property without a stable operator-facing label.,Registry-only or informational property without a stable operator-facing label.,FALSE,,FALSE,8,192.168.22.221; 192.168.22.222; 192.168.22.223; 192.168.22.224; 192.168.22.225; 192.168.22.226; 192.168.22.227; 192.168.22.228,,Intel(R) Wi-Fi 7 BE200 320MHz; Intel(R) Wi-Fi 7 BE200 320MHz #6,,,
BusType,BusType,present=192.168.22.221; 192.168.22.222; 192.168.22.223; 192.168.22.224; 192.168.22.225; 192.168.22.226; 192.168.22.227; 192.168.22.228 | missing=none,TRUE,FALSE,,,high,Deferred,Deferred,,Deferred,Not attempted,Not attempted,deferred,Registry-only or informational property without a stable operator-facing label.,Registry-only or informational property without a stable operator-facing label.,FALSE,,FALSE,8,192.168.22.221; 192.168.22.222; 192.168.22.223; 192.168.22.224; 192.168.22.225; 192.168.22.226; 192.168.22.227; 192.168.22.228,,Intel(R) Wi-Fi 7 BE200 320MHz; Intel(R) Wi-Fi 7 BE200 320MHz #6,,,
ChannelMaskBand24B,ChannelMaskBand24B,present=192.168.22.221; 192.168.22.222; 192.168.22.223; 192.168.22.224; 192.168.22.225; 192.168.22.226; 192.168.22.227; 192.168.22.228 | missing=none,TRUE,FALSE,,,high,Deferred,Deferred,,Deferred,Not attempted,Not attempted,deferred,Registry-only or informational property without a stable operator-facing label.,Registry-only or informational property without a stable operator-facing label.,FALSE,,FALSE,8,192.168.22.221; 192.168.22.222; 192.168.22.223; 192.168.22.224; 192.168.22.225; 192.168.22.226; 192.168.22.227; 192.168.22.228,,Intel(R) Wi-Fi 7 BE200 320MHz; Intel(R) Wi-Fi 7 BE200 320MHz #6,,,
ChannelMaskBand24G,ChannelMaskBand24G,present=192.168.22.221; 192.168.22.222; 192.168.22.223; 192.168.22.224; 192.168.22.225; 192.168.22.226; 192.168.22.227; 192.168.22.228 | missing=none,TRUE,FALSE,,,high,Deferred,Deferred,,Deferred,Not attempted,Not attempted,deferred,Registry-only or informational property without a stable operator-facing label.,Registry-only or informational property without a stable operator-facing label.,FALSE,,FALSE,8,192.168.22.221; 192.168.22.222; 192.168.22.223; 192.168.22.224; 192.168.22.225; 192.168.22.226; 192.168.22.227; 192.168.22.228,,Intel(R) Wi-Fi 7 BE200 320MHz; Intel(R) Wi-Fi 7 BE200 320MHz #6,,,
ChannelMaskBand52,ChannelMaskBand52,present=192.168.22.221; 192.168.22.222; 192.168.22.223; 192.168.22.224; 192.168.22.225; 192.168.22.226; 192.168.22.227; 192.168.22.228 | missing=none,TRUE,FALSE,,,high,Deferred,Deferred,,Deferred,Not attempted,Not attempted,deferred,Registry-only or informational property without a stable operator-facing label.,Registry-only or informational property without a stable operator-facing label.,FALSE,,FALSE,8,192.168.22.221; 192.168.22.222; 192.168.22.223; 192.168.22.224; 192.168.22.225; 192.168.22.226; 192.168.22.227; 192.168.22.228,,Intel(R) Wi-Fi 7 BE200 320MHz; Intel(R) Wi-Fi 7 BE200 320MHz #6,,,
ChannelMaskBand52J,ChannelMaskBand52J,present=192.168.22.221; 192.168.22.222; 192.168.22.223; 192.168.22.224; 192.168.22.225; 192.168.22.226; 192.168.22.227; 192.168.22.228 | missing=none,TRUE,FALSE,,,high,Deferred,Deferred,,Deferred,Not attempted,Not attempted,deferred,Registry-only or informational property without a stable operator-facing label.,Registry-only or informational property without a stable operator-facing label.,FALSE,,FALSE,8,192.168.22.221; 192.168.22.222; 192.168.22.223; 192.168.22.224; 192.168.22.225; 192.168.22.226; 192.168.22.227; 192.168.22.228,,Intel(R) Wi-Fi 7 BE200 320MHz; Intel(R) Wi-Fi 7 BE200 320MHz #6,,,
Characteristics,Characteristics,present=192.168.22.221; 192.168.22.222; 192.168.22.223; 192.168.22.224; 192.168.22.225; 192.168.22.226; 192.168.22.227; 192.168.22.228 | missing=none,TRUE,FALSE,,,high,Deferred,Deferred,,Deferred,Not attempted,Not attempted,deferred,Registry-only or informational property without a stable operator-facing label.,Registry-only or informational property without a stable operator-facing label.,FALSE,,FALSE,8,192.168.22.221; 192.168.22.222; 192.168.22.223; 192.168.22.224; 192.168.22.225; 192.168.22.226; 192.168.22.227; 192.168.22.228,,Intel(R) Wi-Fi 7 BE200 320MHz; Intel(R) Wi-Fi 7 BE200 320MHz #6,,,
CLSGUID,CLSGUID,present=192.168.22.221; 192.168.22.222; 192.168.22.223; 192.168.22.224; 192.168.22.225; 192.168.22.226; 192.168.22.227; 192.168.22.228 | missing=none,TRUE,FALSE,,,high,Deferred,Deferred,,Deferred,Not attempted,Not attempted,deferred,Registry-only or informational property without a stable operator-facing label.,Registry-only or informational property without a stable operator-facing label.,FALSE,,FALSE,8,192.168.22.221; 192.168.22.222; 192.168.22.223; 192.168.22.224; 192.168.22.225; 192.168.22.226; 192.168.22.227; 192.168.22.228,,Intel(R) Wi-Fi 7 BE200 320MHz; Intel(R) Wi-Fi 7 BE200 320MHz #6,,,
ComponentId,ComponentId,present=192.168.22.221; 192.168.22.222; 192.168.22.223; 192.168.22.224; 192.168.22.225; 192.168.22.226; 192.168.22.227; 192.168.22.228 | missing=none,TRUE,FALSE,,,high,Deferred,Deferred,,Deferred,Not attempted,Not attempted,deferred,Registry-only or informational property without a stable operator-facing label.,Registry-only or informational property without a stable operator-facing label.,FALSE,,FALSE,8,192.168.22.221; 192.168.22.222; 192.168.22.223; 192.168.22.224; 192.168.22.225; 192.168.22.226; 192.168.22.227; 192.168.22.228,,Intel(R) Wi-Fi 7 BE200 320MHz; Intel(R) Wi-Fi 7 BE200 320MHz #6,,,
CtdpSupported,CtdpSupported,present=192.168.22.221; 192.168.22.222; 192.168.22.223; 192.168.22.224; 192.168.22.225; 192.168.22.226; 192.168.22.227; 192.168.22.228 | missing=none,TRUE,FALSE,,,high,Deferred,Deferred,,Deferred,Not attempted,Not attempted,deferred,Registry-only or informational property without a stable operator-facing label.,Registry-only or informational property without a stable operator-facing label.,FALSE,,FALSE,8,192.168.22.221; 192.168.22.222; 192.168.22.223; 192.168.22.224; 192.168.22.225; 192.168.22.226; 192.168.22.227; 192.168.22.228,,Intel(R) Wi-Fi 7 BE200 320MHz; Intel(R) Wi-Fi 7 BE200 320MHz #6,,,
DeviceInstanceID,DeviceInstanceID,present=192.168.22.221; 192.168.22.222; 192.168.22.223; 192.168.22.224; 192.168.22.225; 192.168.22.226; 192.168.22.227; 192.168.22.228 | missing=none,TRUE,FALSE,,,high,Deferred,Deferred,,Deferred,Not attempted,Not attempted,deferred,Registry-only or informational property without a stable operator-facing label.,Registry-only or informational property without a stable operator-facing label.,FALSE,,FALSE,8,192.168.22.221; 192.168.22.222; 192.168.22.223; 192.168.22.224; 192.168.22.225; 192.168.22.226; 192.168.22.227; 192.168.22.228,,Intel(R) Wi-Fi 7 BE200 320MHz; Intel(R) Wi-Fi 7 BE200 320MHz #6,,,
DriverDate,DriverDate,present=192.168.22.221; 192.168.22.222; 192.168.22.223; 192.168.22.224; 192.168.22.225; 192.168.22.226; 192.168.22.227; 192.168.22.228 | missing=none,TRUE,FALSE,,,high,Deferred,Deferred,,Deferred,Not attempted,Not attempted,deferred,Registry-only or informational property without a stable operator-facing label.,Registry-only or informational property without a stable operator-facing label.,FALSE,,FALSE,8,192.168.22.221; 192.168.22.222; 192.168.22.223; 192.168.22.224; 192.168.22.225; 192.168.22.226; 192.168.22.227; 192.168.22.228,,Intel(R) Wi-Fi 7 BE200 320MHz; Intel(R) Wi-Fi 7 BE200 320MHz #6,,,
DriverDesc,DriverDesc,present=192.168.22.221; 192.168.22.222; 192.168.22.223; 192.168.22.224; 192.168.22.225; 192.168.22.226; 192.168.22.227; 192.168.22.228 | missing=none,TRUE,FALSE,,,high,Deferred,Deferred,,Deferred,Not attempted,Not attempted,deferred,Registry-only or informational property without a stable operator-facing label.,Registry-only or informational property without a stable operator-facing label.,FALSE,,FALSE,8,192.168.22.221; 192.168.22.222; 192.168.22.223; 192.168.22.224; 192.168.22.225; 192.168.22.226; 192.168.22.227; 192.168.22.228,,Intel(R) Wi-Fi 7 BE200 320MHz; Intel(R) Wi-Fi 7 BE200 320MHz #6,,,
DriverVersion,DriverVersion,present=192.168.22.221; 192.168.22.222; 192.168.22.223; 192.168.22.224; 192.168.22.225; 192.168.22.226; 192.168.22.227; 192.168.22.228 | missing=none,TRUE,FALSE,,,high,Deferred,Deferred,,Deferred,Not attempted,Not attempted,deferred,Registry-only or informational property without a stable operator-facing label.,Registry-only or informational property without a stable operator-facing label.,FALSE,,FALSE,8,192.168.22.221; 192.168.22.222; 192.168.22.223; 192.168.22.224; 192.168.22.225; 192.168.22.226; 192.168.22.227; 192.168.22.228,,Intel(R) Wi-Fi 7 BE200 320MHz; Intel(R) Wi-Fi 7 BE200 320MHz #6,,,
DrvInitInProg,DrvInitInProg,present=192.168.22.221; 192.168.22.222; 192.168.22.223; 192.168.22.224; 192.168.22.225; 192.168.22.226; 192.168.22.227; 192.168.22.228 | missing=none,TRUE,FALSE,,,high,Deferred,Deferred,,Deferred,Not attempted,Not attempted,deferred,Registry-only or informational property without a stable operator-facing label.,Registry-only or informational property without a stable operator-facing label.,FALSE,,FALSE,8,192.168.22.221; 192.168.22.222; 192.168.22.223; 192.168.22.224; 192.168.22.225; 192.168.22.226; 192.168.22.227; 192.168.22.228,,Intel(R) Wi-Fi 7 BE200 320MHz; Intel(R) Wi-Fi 7 BE200 320MHz #6,,,
DuplicateRateSupported,DuplicateRateSupported,present=192.168.22.221; 192.168.22.222; 192.168.22.223; 192.168.22.224; 192.168.22.225; 192.168.22.226; 192.168.22.227; 192.168.22.228 | missing=none,TRUE,FALSE,,,high,Deferred,Deferred,,Deferred,Not attempted,Not attempted,deferred,Registry-only or informational property without a stable operator-facing label.,Registry-only or informational property without a stable operator-facing label.,FALSE,,FALSE,8,192.168.22.221; 192.168.22.222; 192.168.22.223; 192.168.22.224; 192.168.22.225; 192.168.22.226; 192.168.22.227; 192.168.22.228,,Intel(R) Wi-Fi 7 BE200 320MHz; Intel(R) Wi-Fi 7 BE200 320MHz #6,,,
ExternalImage,ExternalImage,present=192.168.22.221; 192.168.22.222; 192.168.22.223; 192.168.22.224; 192.168.22.225; 192.168.22.226; 192.168.22.227; 192.168.22.228 | missing=none,TRUE,FALSE,,,high,Deferred,Deferred,,Deferred,Not attempted,Not attempted,deferred,Registry-only or informational property without a stable operator-facing label.,Registry-only or informational property without a stable operator-facing label.,FALSE,,FALSE,8,192.168.22.221; 192.168.22.222; 192.168.22.223; 192.168.22.224; 192.168.22.225; 192.168.22.226; 192.168.22.227; 192.168.22.228,,Intel(R) Wi-Fi 7 BE200 320MHz; Intel(R) Wi-Fi 7 BE200 320MHz #6,,,
FixedSupportedHtRates,FixedSupportedHtRates,present=192.168.22.221; 192.168.22.222; 192.168.22.223; 192.168.22.224; 192.168.22.225; 192.168.22.226; 192.168.22.227; 192.168.22.228 | missing=none,TRUE,FALSE,,,high,Deferred,Deferred,,Deferred,Not attempted,Not attempted,deferred,Registry-only or informational property without a stable operator-facing label.,Registry-only or informational property without a stable operator-facing label.,FALSE,,FALSE,8,192.168.22.221; 192.168.22.222; 192.168.22.223; 192.168.22.224; 192.168.22.225; 192.168.22.226; 192.168.22.227; 192.168.22.228,,Intel(R) Wi-Fi 7 BE200 320MHz; Intel(R) Wi-Fi 7 BE200 320MHz #6,,,
FixedSupportedRates,FixedSupportedRates,present=192.168.22.221; 192.168.22.222; 192.168.22.223; 192.168.22.224; 192.168.22.225; 192.168.22.226; 192.168.22.227; 192.168.22.228 | missing=none,TRUE,FALSE,,,high,Deferred,Deferred,,Deferred,Not attempted,Not attempted,deferred,Registry-only or informational property without a stable operator-facing label.,Registry-only or informational property without a stable operator-facing label.,FALSE,,FALSE,8,192.168.22.221; 192.168.22.222; 192.168.22.223; 192.168.22.224; 192.168.22.225; 192.168.22.226; 192.168.22.227; 192.168.22.228,,Intel(R) Wi-Fi 7 BE200 320MHz; Intel(R) Wi-Fi 7 BE200 320MHz #6,,,
GreenFieldCapable,GreenFieldCapable,present=192.168.22.221; 192.168.22.222; 192.168.22.223; 192.168.22.224; 192.168.22.225; 192.168.22.226; 192.168.22.227; 192.168.22.228 | missing=none,TRUE,FALSE,,,high,Deferred,Deferred,,Deferred,Not attempted,Not attempted,deferred,Registry-only or informational property without a stable operator-facing label.,Registry-only or informational property without a stable operator-facing label.,FALSE,,FALSE,8,192.168.22.221; 192.168.22.222; 192.168.22.223; 192.168.22.224; 192.168.22.225; 192.168.22.226; 192.168.22.227; 192.168.22.228,,Intel(R) Wi-Fi 7 BE200 320MHz; Intel(R) Wi-Fi 7 BE200 320MHz #6,,,
HardwareVersion,HardwareVersion,present=192.168.22.221; 192.168.22.222; 192.168.22.223; 192.168.22.224; 192.168.22.225; 192.168.22.226; 192.168.22.227; 192.168.22.228 | missing=none,TRUE,FALSE,,,high,Deferred,Deferred,,Deferred,Not attempted,Not attempted,deferred,Registry-only or informational property without a stable operator-facing label.,Registry-only or informational property without a stable operator-facing label.,FALSE,,FALSE,8,192.168.22.221; 192.168.22.222; 192.168.22.223; 192.168.22.224; 192.168.22.225; 192.168.22.226; 192.168.22.227; 192.168.22.228,,Intel(R) Wi-Fi 7 BE200 320MHz; Intel(R) Wi-Fi 7 BE200 320MHz #6,,,
HePhyCapabilitiesDword0,HePhyCapabilitiesDword0,present=192.168.22.221; 192.168.22.222; 192.168.22.223; 192.168.22.224; 192.168.22.225; 192.168.22.226; 192.168.22.227; 192.168.22.228 | missing=none,TRUE,FALSE,,,high,Deferred,Deferred,,Deferred,Not attempted,Not attempted,deferred,Registry-only or informational property without a stable operator-facing label.,Registry-only or informational property without a stable operator-facing label.,FALSE,,FALSE,8,192.168.22.221; 192.168.22.222; 192.168.22.223; 192.168.22.224; 192.168.22.225; 192.168.22.226; 192.168.22.227; 192.168.22.228,,Intel(R) Wi-Fi 7 BE200 320MHz; Intel(R) Wi-Fi 7 BE200 320MHz #6,,,
IfTypePreStart,IfTypePreStart,present=192.168.22.221; 192.168.22.222; 192.168.22.223; 192.168.22.224; 192.168.22.225; 192.168.22.226; 192.168.22.227; 192.168.22.228 | missing=none,TRUE,FALSE,,,high,Deferred,Deferred,,Deferred,Not attempted,Not attempted,deferred,Registry-only or informational property without a stable operator-facing label.,Registry-only or informational property without a stable operator-facing label.,FALSE,,FALSE,8,192.168.22.221; 192.168.22.222; 192.168.22.223; 192.168.22.224; 192.168.22.225; 192.168.22.226; 192.168.22.227; 192.168.22.228,,Intel(R) Wi-Fi 7 BE200 320MHz; Intel(R) Wi-Fi 7 BE200 320MHz #6,,,
InfPath,InfPath,present=192.168.22.221; 192.168.22.222; 192.168.22.223; 192.168.22.224; 192.168.22.225; 192.168.22.226; 192.168.22.227; 192.168.22.228 | missing=none,TRUE,FALSE,,,high,Deferred,Deferred,,Deferred,Not attempted,Not attempted,deferred,Registry-only or informational property without a stable operator-facing label.,Registry-only or informational property without a stable operator-facing label.,FALSE,,FALSE,8,192.168.22.221; 192.168.22.222; 192.168.22.223; 192.168.22.224; 192.168.22.225; 192.168.22.226; 192.168.22.227; 192.168.22.228,,Intel(R) Wi-Fi 7 BE200 320MHz; Intel(R) Wi-Fi 7 BE200 320MHz #6,,,
InfSection,InfSection,present=192.168.22.221; 192.168.22.222; 192.168.22.223; 192.168.22.224; 192.168.22.225; 192.168.22.226; 192.168.22.227; 192.168.22.228 | missing=none,TRUE,FALSE,,,high,Deferred,Deferred,,Deferred,Not attempted,Not attempted,deferred,Registry-only or informational property without a stable operator-facing label.,Registry-only or informational property without a stable operator-facing label.,FALSE,,FALSE,8,192.168.22.221; 192.168.22.222; 192.168.22.223; 192.168.22.224; 192.168.22.225; 192.168.22.226; 192.168.22.227; 192.168.22.228,,Intel(R) Wi-Fi 7 BE200 320MHz; Intel(R) Wi-Fi 7 BE200 320MHz #6,,,
LastIoMapSuccessBarHigh,LastIoMapSuccessBarHigh,present=192.168.22.221; 192.168.22.222; 192.168.22.223; 192.168.22.224; 192.168.22.225; 192.168.22.226; 192.168.22.227; 192.168.22.228 | missing=none,TRUE,FALSE,,,high,Deferred,Deferred,,Deferred,Not attempted,Not attempted,deferred,Registry-only or informational property without a stable operator-facing label.,Registry-only or informational property without a stable operator-facing label.,FALSE,,FALSE,8,192.168.22.221; 192.168.22.222; 192.168.22.223; 192.168.22.224; 192.168.22.225; 192.168.22.226; 192.168.22.227; 192.168.22.228,,Intel(R) Wi-Fi 7 BE200 320MHz; Intel(R) Wi-Fi 7 BE200 320MHz #6,,,
LastIoMapSuccessBarLow,LastIoMapSuccessBarLow,present=192.168.22.221; 192.168.22.222; 192.168.22.223; 192.168.22.224; 192.168.22.225; 192.168.22.226; 192.168.22.227; 192.168.22.228 | missing=none,TRUE,FALSE,,,high,Deferred,Deferred,,Deferred,Not attempted,Not attempted,deferred,Registry-only or informational property without a stable operator-facing label.,Registry-only or informational property without a stable operator-facing label.,FALSE,,FALSE,8,192.168.22.221; 192.168.22.222; 192.168.22.223; 192.168.22.224; 192.168.22.225; 192.168.22.226; 192.168.22.227; 192.168.22.228,,Intel(R) Wi-Fi 7 BE200 320MHz; Intel(R) Wi-Fi 7 BE200 320MHz #6,,,
LprxEnable,LprxEnable,present=192.168.22.221; 192.168.22.222; 192.168.22.223; 192.168.22.224; 192.168.22.225; 192.168.22.226; 192.168.22.227; 192.168.22.228 | missing=none,TRUE,FALSE,,,high,Deferred,Deferred,,Deferred,Not attempted,Not attempted,deferred,Registry-only or informational property without a stable operator-facing label.,Registry-only or informational property without a stable operator-facing label.,FALSE,,FALSE,8,192.168.22.221; 192.168.22.222; 192.168.22.223; 192.168.22.224; 192.168.22.225; 192.168.22.226; 192.168.22.227; 192.168.22.228,,Intel(R) Wi-Fi 7 BE200 320MHz; Intel(R) Wi-Fi 7 BE200 320MHz #6,,,
MatchingDeviceId,MatchingDeviceId,present=192.168.22.221; 192.168.22.222; 192.168.22.223; 192.168.22.224; 192.168.22.225; 192.168.22.226; 192.168.22.227; 192.168.22.228 | missing=none,TRUE,FALSE,,,high,Deferred,Deferred,,Deferred,Not attempted,Not attempted,deferred,Registry-only or informational property without a stable operator-facing label.,Registry-only or informational property without a stable operator-facing label.,FALSE,,FALSE,8,192.168.22.221; 192.168.22.222; 192.168.22.223; 192.168.22.224; 192.168.22.225; 192.168.22.226; 192.168.22.227; 192.168.22.228,,Intel(R) Wi-Fi 7 BE200 320MHz; Intel(R) Wi-Fi 7 BE200 320MHz #6,,,
MaxDpcTime,MaxDpcTime,present=192.168.22.221; 192.168.22.222; 192.168.22.223; 192.168.22.224; 192.168.22.225; 192.168.22.226; 192.168.22.227; 192.168.22.228 | missing=none,TRUE,FALSE,,,high,Deferred,Deferred,,Deferred,Not attempted,Not attempted,deferred,Registry-only or informational property without a stable operator-facing label.,Registry-only or informational property without a stable operator-facing label.,FALSE,,FALSE,8,192.168.22.221; 192.168.22.222; 192.168.22.223; 192.168.22.224; 192.168.22.225; 192.168.22.226; 192.168.22.227; 192.168.22.228,,Intel(R) Wi-Fi 7 BE200 320MHz; Intel(R) Wi-Fi 7 BE200 320MHz #6,,,
ModulationType,ModulationType,present=192.168.22.221; 192.168.22.222; 192.168.22.223; 192.168.22.224; 192.168.22.225; 192.168.22.226; 192.168.22.227; 192.168.22.228 | missing=none,TRUE,FALSE,,,high,Deferred,Deferred,,Deferred,Not attempted,Not attempted,deferred,Registry-only or informational property without a stable operator-facing label.,Registry-only or informational property without a stable operator-facing label.,FALSE,,FALSE,8,192.168.22.221; 192.168.22.222; 192.168.22.223; 192.168.22.224; 192.168.22.225; 192.168.22.226; 192.168.22.227; 192.168.22.228,,Intel(R) Wi-Fi 7 BE200 320MHz; Intel(R) Wi-Fi 7 BE200 320MHz #6,,,
NetCfgInstanceId,NetCfgInstanceId,present=192.168.22.221; 192.168.22.222; 192.168.22.223; 192.168.22.224; 192.168.22.225; 192.168.22.226; 192.168.22.227; 192.168.22.228 | missing=none,TRUE,FALSE,,,high,Deferred,Deferred,,Deferred,Not attempted,Not attempted,deferred,Registry-only or informational property without a stable operator-facing label.,Registry-only or informational property without a stable operator-facing label.,FALSE,,FALSE,8,192.168.22.221; 192.168.22.222; 192.168.22.223; 192.168.22.224; 192.168.22.225; 192.168.22.226; 192.168.22.227; 192.168.22.228,,Intel(R) Wi-Fi 7 BE200 320MHz; Intel(R) Wi-Fi 7 BE200 320MHz #6,,,
NetLuidIndex,NetLuidIndex,present=192.168.22.221; 192.168.22.222; 192.168.22.223; 192.168.22.224; 192.168.22.225; 192.168.22.226; 192.168.22.227; 192.168.22.228 | missing=none,TRUE,FALSE,,,high,Deferred,Deferred,,Deferred,Not attempted,Not attempted,deferred,Registry-only or informational property without a stable operator-facing label.,Registry-only or informational property without a stable operator-facing label.,FALSE,,FALSE,8,192.168.22.221; 192.168.22.222; 192.168.22.223; 192.168.22.224; 192.168.22.225; 192.168.22.226; 192.168.22.227; 192.168.22.228,,Intel(R) Wi-Fi 7 BE200 320MHz; Intel(R) Wi-Fi 7 BE200 320MHz #6,,,
NetworkInterfaceInstallTimestamp,NetworkInterfaceInstallTimestamp,present=192.168.22.221; 192.168.22.222; 192.168.22.223; 192.168.22.224; 192.168.22.225; 192.168.22.226; 192.168.22.227; 192.168.22.228 | missing=none,TRUE,FALSE,,,high,Deferred,Deferred,,Deferred,Not attempted,Not attempted,deferred,Registry-only or informational property without a stable operator-facing label.,Registry-only or informational property without a stable operator-facing label.,FALSE,,FALSE,8,192.168.22.221; 192.168.22.222; 192.168.22.223; 192.168.22.224; 192.168.22.225; 192.168.22.226; 192.168.22.227; 192.168.22.228,,Intel(R) Wi-Fi 7 BE200 320MHz; Intel(R) Wi-Fi 7 BE200 320MHz #6,,,
NumberOfNetworkInterfaces,NumberOfNetworkInterfaces,present=192.168.22.221; 192.168.22.222; 192.168.22.223; 192.168.22.224; 192.168.22.225; 192.168.22.226; 192.168.22.227; 192.168.22.228 | missing=none,TRUE,FALSE,,,high,Deferred,Deferred,,Deferred,Not attempted,Not attempted,deferred,Registry-only or informational property without a stable operator-facing label.,Registry-only or informational property without a stable operator-facing label.,FALSE,,FALSE,8,192.168.22.221; 192.168.22.222; 192.168.22.223; 192.168.22.224; 192.168.22.225; 192.168.22.226; 192.168.22.227; 192.168.22.228,,Intel(R) Wi-Fi 7 BE200 320MHz; Intel(R) Wi-Fi 7 BE200 320MHz #6,,,
PanEnabled,PanEnabled,present=192.168.22.221; 192.168.22.222; 192.168.22.223; 192.168.22.224; 192.168.22.225; 192.168.22.226; 192.168.22.227; 192.168.22.228 | missing=none,TRUE,FALSE,,,high,Deferred,Deferred,,Deferred,Not attempted,Not attempted,deferred,Registry-only or informational property without a stable operator-facing label.,Registry-only or informational property without a stable operator-facing label.,FALSE,,FALSE,8,192.168.22.221; 192.168.22.222; 192.168.22.223; 192.168.22.224; 192.168.22.225; 192.168.22.226; 192.168.22.227; 192.168.22.228,,Intel(R) Wi-Fi 7 BE200 320MHz; Intel(R) Wi-Fi 7 BE200 320MHz #6,,,
PBANumber,PBANumber,present=192.168.22.221; 192.168.22.222; 192.168.22.223; 192.168.22.224; 192.168.22.225; 192.168.22.226; 192.168.22.227; 192.168.22.228 | missing=none,TRUE,FALSE,,,high,Deferred,Deferred,,Deferred,Not attempted,Not attempted,deferred,Registry-only or informational property without a stable operator-facing label.,Registry-only or informational property without a stable operator-facing label.,FALSE,,FALSE,8,192.168.22.221; 192.168.22.222; 192.168.22.223; 192.168.22.224; 192.168.22.225; 192.168.22.226; 192.168.22.227; 192.168.22.228,,Intel(R) Wi-Fi 7 BE200 320MHz; Intel(R) Wi-Fi 7 BE200 320MHz #6,,,
PldrResetCounter,PldrResetCounter,present=192.168.22.221; 192.168.22.222; 192.168.22.223; 192.168.22.224; 192.168.22.225; 192.168.22.226; 192.168.22.227; 192.168.22.228 | missing=none,TRUE,FALSE,,,high,Deferred,Deferred,,Deferred,Not attempted,Not attempted,deferred,Registry-only or informational property without a stable operator-facing label.,Registry-only or informational property without a stable operator-facing label.,FALSE,,FALSE,8,192.168.22.221; 192.168.22.222; 192.168.22.223; 192.168.22.224; 192.168.22.225; 192.168.22.226; 192.168.22.227; 192.168.22.228,,Intel(R) Wi-Fi 7 BE200 320MHz; Intel(R) Wi-Fi 7 BE200 320MHz #6,,,
PortAuthReceiveAuthorizationState,PortAuthReceiveAuthorizationState,present=192.168.22.221; 192.168.22.222; 192.168.22.223; 192.168.22.224; 192.168.22.225; 192.168.22.226; 192.168.22.227; 192.168.22.228 | missing=none,TRUE,FALSE,,,high,Deferred,Deferred,,Deferred,Not attempted,Not attempted,deferred,Registry-only or informational property without a stable operator-facing label.,Registry-only or informational property without a stable operator-facing label.,FALSE,,FALSE,8,192.168.22.221; 192.168.22.222; 192.168.22.223; 192.168.22.224; 192.168.22.225; 192.168.22.226; 192.168.22.227; 192.168.22.228,,Intel(R) Wi-Fi 7 BE200 320MHz; Intel(R) Wi-Fi 7 BE200 320MHz #6,,,
PortAuthReceiveControlState,PortAuthReceiveControlState,present=192.168.22.221; 192.168.22.222; 192.168.22.223; 192.168.22.224; 192.168.22.225; 192.168.22.226; 192.168.22.227; 192.168.22.228 | missing=none,TRUE,FALSE,,,high,Deferred,Deferred,,Deferred,Not attempted,Not attempted,deferred,Registry-only or informational property without a stable operator-facing label.,Registry-only or informational property without a stable operator-facing label.,FALSE,,FALSE,8,192.168.22.221; 192.168.22.222; 192.168.22.223; 192.168.22.224; 192.168.22.225; 192.168.22.226; 192.168.22.227; 192.168.22.228,,Intel(R) Wi-Fi 7 BE200 320MHz; Intel(R) Wi-Fi 7 BE200 320MHz #6,,,
PortAuthSendAuthorizationState,PortAuthSendAuthorizationState,present=192.168.22.221; 192.168.22.222; 192.168.22.223; 192.168.22.224; 192.168.22.225; 192.168.22.226; 192.168.22.227; 192.168.22.228 | missing=none,TRUE,FALSE,,,high,Deferred,Deferred,,Deferred,Not attempted,Not attempted,deferred,Registry-only or informational property without a stable operator-facing label.,Registry-only or informational property without a stable operator-facing label.,FALSE,,FALSE,8,192.168.22.221; 192.168.22.222; 192.168.22.223; 192.168.22.224; 192.168.22.225; 192.168.22.226; 192.168.22.227; 192.168.22.228,,Intel(R) Wi-Fi 7 BE200 320MHz; Intel(R) Wi-Fi 7 BE200 320MHz #6,,,
PortAuthSendControlState,PortAuthSendControlState,present=192.168.22.221; 192.168.22.222; 192.168.22.223; 192.168.22.224; 192.168.22.225; 192.168.22.226; 192.168.22.227; 192.168.22.228 | missing=none,TRUE,FALSE,,,high,Deferred,Deferred,,Deferred,Not attempted,Not attempted,deferred,Registry-only or informational property without a stable operator-facing label.,Registry-only or informational property without a stable operator-facing label.,FALSE,,FALSE,8,192.168.22.221; 192.168.22.222; 192.168.22.223; 192.168.22.224; 192.168.22.225; 192.168.22.226; 192.168.22.227; 192.168.22.228,,Intel(R) Wi-Fi 7 BE200 320MHz; Intel(R) Wi-Fi 7 BE200 320MHz #6,,,
ProviderName,ProviderName,present=192.168.22.221; 192.168.22.222; 192.168.22.223; 192.168.22.224; 192.168.22.225; 192.168.22.226; 192.168.22.227; 192.168.22.228 | missing=none,TRUE,FALSE,,,high,Deferred,Deferred,,Deferred,Not attempted,Not attempted,deferred,Registry-only or informational property without a stable operator-facing label.,Registry-only or informational property without a stable operator-facing label.,FALSE,,FALSE,8,192.168.22.221; 192.168.22.222; 192.168.22.223; 192.168.22.224; 192.168.22.225; 192.168.22.226; 192.168.22.227; 192.168.22.228,,Intel(R) Wi-Fi 7 BE200 320MHz; Intel(R) Wi-Fi 7 BE200 320MHz #6,,,
RadioEnable,RadioEnable,present=192.168.22.221; 192.168.22.222; 192.168.22.223; 192.168.22.224; 192.168.22.225; 192.168.22.226; 192.168.22.227; 192.168.22.228 | missing=none,TRUE,FALSE,,,high,Deferred,Deferred,,Deferred,Not attempted,Not attempted,deferred,Registry-only or informational property without a stable operator-facing label.,Registry-only or informational property without a stable operator-facing label.,FALSE,,FALSE,8,192.168.22.221; 192.168.22.222; 192.168.22.223; 192.168.22.224; 192.168.22.225; 192.168.22.226; 192.168.22.227; 192.168.22.228,,Intel(R) Wi-Fi 7 BE200 320MHz; Intel(R) Wi-Fi 7 BE200 320MHz #6,,,
RecommendedBeaconInterval,RecommendedBeaconInterval,present=192.168.22.221; 192.168.22.222; 192.168.22.223; 192.168.22.224; 192.168.22.225; 192.168.22.226; 192.168.22.227; 192.168.22.228 | missing=none,TRUE,FALSE,,,high,Deferred,Deferred,,Deferred,Not attempted,Not attempted,deferred,Registry-only or informational property without a stable operator-facing label.,Registry-only or informational property without a stable operator-facing label.,FALSE,,FALSE,8,192.168.22.221; 192.168.22.222; 192.168.22.223; 192.168.22.224; 192.168.22.225; 192.168.22.226; 192.168.22.227; 192.168.22.228,,Intel(R) Wi-Fi 7 BE200 320MHz; Intel(R) Wi-Fi 7 BE200 320MHz #6,,,
SkipOverDtimEnable,SkipOverDtimEnable,present=192.168.22.221; 192.168.22.222; 192.168.22.223; 192.168.22.224; 192.168.22.225; 192.168.22.226; 192.168.22.227; 192.168.22.228 | missing=none,TRUE,FALSE,,,high,Deferred,Deferred,,Deferred,Not attempted,Not attempted,deferred,Registry-only or informational property without a stable operator-facing label.,Registry-only or informational property without a stable operator-facing label.,FALSE,,FALSE,8,192.168.22.221; 192.168.22.222; 192.168.22.223; 192.168.22.224; 192.168.22.225; 192.168.22.226; 192.168.22.227; 192.168.22.228,,Intel(R) Wi-Fi 7 BE200 320MHz; Intel(R) Wi-Fi 7 BE200 320MHz #6,,,
SKU_CAP,SKU_CAP,present=192.168.22.221; 192.168.22.222; 192.168.22.223; 192.168.22.224; 192.168.22.225; 192.168.22.226; 192.168.22.227; 192.168.22.228 | missing=none,TRUE,FALSE,,,high,Deferred,Deferred,,Deferred,Not attempted,Not attempted,deferred,Registry-only or informational property without a stable operator-facing label.,Registry-only or informational property without a stable operator-facing label.,FALSE,,FALSE,8,192.168.22.221; 192.168.22.222; 192.168.22.223; 192.168.22.224; 192.168.22.225; 192.168.22.226; 192.168.22.227; 192.168.22.228,,Intel(R) Wi-Fi 7 BE200 320MHz; Intel(R) Wi-Fi 7 BE200 320MHz #6,,,
SoftwareRadioOff,SoftwareRadioOff,present=192.168.22.221; 192.168.22.222; 192.168.22.223; 192.168.22.224; 192.168.22.225; 192.168.22.226; 192.168.22.227; 192.168.22.228 | missing=none,TRUE,FALSE,,,high,Deferred,Deferred,,Deferred,Not attempted,Not attempted,deferred,Registry-only or informational property without a stable operator-facing label.,Registry-only or informational property without a stable operator-facing label.,FALSE,,FALSE,8,192.168.22.221; 192.168.22.222; 192.168.22.223; 192.168.22.224; 192.168.22.225; 192.168.22.226; 192.168.22.227; 192.168.22.228,,Intel(R) Wi-Fi 7 BE200 320MHz; Intel(R) Wi-Fi 7 BE200 320MHz #6,,,
SwRadioState,SwRadioState,present=192.168.22.221; 192.168.22.222; 192.168.22.223; 192.168.22.224; 192.168.22.225; 192.168.22.227; 192.168.22.228 | missing=192.168.22.226,FALSE,TRUE,,,high,Deferred,Deferred,,Deferred,Not attempted,Not attempted,deferred,Registry-only or informational property without a stable operator-facing label.,Registry-only or informational property without a stable operator-facing label.,FALSE,,FALSE,7,192.168.22.221; 192.168.22.222; 192.168.22.223; 192.168.22.224; 192.168.22.225; 192.168.22.227; 192.168.22.228,192.168.22.226,Intel(R) Wi-Fi 7 BE200 320MHz; Intel(R) Wi-Fi 7 BE200 320MHz #6,,,
SystemAllowedAntennas,SystemAllowedAntennas,present=192.168.22.221; 192.168.22.222; 192.168.22.223; 192.168.22.224; 192.168.22.225; 192.168.22.226; 192.168.22.227; 192.168.22.228 | missing=none,TRUE,FALSE,,,high,Deferred,Deferred,,Deferred,Not attempted,Not attempted,deferred,Registry-only or informational property without a stable operator-facing label.,Registry-only or informational property without a stable operator-facing label.,FALSE,,FALSE,8,192.168.22.221; 192.168.22.222; 192.168.22.223; 192.168.22.224; 192.168.22.225; 192.168.22.226; 192.168.22.227; 192.168.22.228,,Intel(R) Wi-Fi 7 BE200 320MHz; Intel(R) Wi-Fi 7 BE200 320MHz #6,,,
TGeEnableBits,TGeEnableBits,present=192.168.22.221; 192.168.22.222; 192.168.22.223; 192.168.22.224; 192.168.22.225; 192.168.22.226; 192.168.22.227; 192.168.22.228 | missing=none,TRUE,FALSE,,,high,Deferred,Deferred,,Deferred,Not attempted,Not attempted,deferred,Registry-only or informational property without a stable operator-facing label.,Registry-only or informational property without a stable operator-facing label.,FALSE,,FALSE,8,192.168.22.221; 192.168.22.222; 192.168.22.223; 192.168.22.224; 192.168.22.225; 192.168.22.226; 192.168.22.227; 192.168.22.228,,Intel(R) Wi-Fi 7 BE200 320MHz; Intel(R) Wi-Fi 7 BE200 320MHz #6,,,
UcodeVersion,UcodeVersion,present=192.168.22.221; 192.168.22.222; 192.168.22.223; 192.168.22.224; 192.168.22.225; 192.168.22.226; 192.168.22.227; 192.168.22.228 | missing=none,TRUE,FALSE,,,high,Deferred,Deferred,,Deferred,Not attempted,Not attempted,deferred,Registry-only or informational property without a stable operator-facing label.,Registry-only or informational property without a stable operator-facing label.,FALSE,,FALSE,8,192.168.22.221; 192.168.22.222; 192.168.22.223; 192.168.22.224; 192.168.22.225; 192.168.22.226; 192.168.22.227; 192.168.22.228,,Intel(R) Wi-Fi 7 BE200 320MHz; Intel(R) Wi-Fi 7 BE200 320MHz #6,,,
